{
  "n_predictions": 644528,
  "n_ground_truths": 12032,
  "per_class_ap50": {
    "0": 0.005931459065741259,
    "1": 0.0,
    "2": 0.0,
    "3": 0.0,
    "4": 0.0,
    "5": 0.0,
    "6": 0.002301929717090727,
    "7": 0.0,
    "8": 3.3426820738972785e-05,
    "9": 0.0,
    "10": 0.0,
    "11": 0.0,
    "12": 0.0,
    "13": 0.0,
    "14": 0.008144535575949217,
    "15": 0.0,
    "16": 0.0,
    "17": 0.0,
    "18": 0.004950494801980211,
    "19": 0.0
  },
  "precision": 0.0041,
  "recall": 0.2177,
  "f1": 0.008,
  "tp": 2619,
  "fp": 641909,
  "fn": 9413,
  "mAP50": 0.0011,
  "mAP50_95": 0.0002,
  "per_class_metrics": {
    "0": {
      "precision": 0.0029,
      "recall": 0.2632,
      "f1": 0.0058,
      "n_gt": 285,
      "n_pred": 25514,
      "ap50": 0.0059
    },
    "1": {
      "precision": 0.0,
      "recall": 0.0,
      "f1": 0.0,
      "n_gt": 337,
      "n_pred": 0,
      "ap50": 0.0
    },
    "2": {
      "precision": 0.0,
      "recall": 0.0,
      "f1": 0.0,
      "n_gt": 459,
      "n_pred": 994,
      "ap50": 0.0
    },
    "3": {
      "precision": 0.0,
      "recall": 0.0,
      "f1": 0.0,
      "n_gt": 263,
      "n_pred": 1309,
      "ap50": 0.0
    },
    "4": {
      "precision": 0.0,
      "recall": 0.0,
      "f1": 0.0,
      "n_gt": 469,
      "n_pred": 0,
      "ap50": 0.0
    },
    "5": {
      "precision": 0.0,
      "recall": 0.0,
      "f1": 0.0,
      "n_gt": 213,
      "n_pred": 0,
      "ap50": 0.0
    },
    "6": {
      "precision": 0.0125,
      "recall": 0.179,
      "f1": 0.0233,
      "n_gt": 1201,
      "n_pred": 17234,
      "ap50": 0.0023
    },
    "7": {
      "precision": 0.0,
      "recall": 0.0,
      "f1": 0.0,
      "n_gt": 358,
      "n_pred": 32,
      "ap50": 0.0
    },
    "8": {
      "precision": 0.0004,
      "recall": 0.0198,
      "f1": 0.0007,
      "n_gt": 756,
      "n_pred": 42819,
      "ap50": 0.0
    },
    "9": {
      "precision": 0.0,
      "recall": 0.0,
      "f1": 0.0,
      "n_gt": 244,
      "n_pred": 0,
      "ap50": 0.0
    },
    "10": {
      "precision": 0.0,
      "recall": 0.0,
      "f1": 0.0,
      "n_gt": 206,
      "n_pred": 129,
      "ap50": 0.0
    },
    "11": {
      "precision": 0.0,
      "recall": 0.0,
      "f1": 0.0,
      "n_gt": 489,
      "n_pred": 0,
      "ap50": 0.0
    },
    "12": {
      "precision": 0.0,
      "recall": 0.0,
      "f1": 0.0,
      "n_gt": 348,
      "n_pred": 0,
      "ap50": 0.0
    },
    "13": {
      "precision": 0.0,
      "recall": 0.0,
      "f1": 0.0,
      "n_gt": 325,
      "n_pred": 0,
      "ap50": 0.0
    },
    "14": {
      "precision": 0.0042,
      "recall": 0.5108,
      "f1": 0.0082,
      "n_gt": 4528,
      "n_pred": 556492,
      "ap50": 0.0081
    },
    "15": {
      "precision": 0.0,
      "recall": 0.0,
      "f1": 0.0,
      "n_gt": 480,
      "n_pred": 0,
      "ap50": 0.0
    },
    "16": {
      "precision": 0.0,
      "recall": 0.0,
      "f1": 0.0,
      "n_gt": 242,
      "n_pred": 0,
      "ap50": 0.0
    },
    "17": {
      "precision": 0.0,
      "recall": 0.0,
      "f1": 0.0,
      "n_gt": 239,
      "n_pred": 0,
      "ap50": 0.0
    },
    "18": {
      "precision": 0.2,
      "recall": 0.0035,
      "f1": 0.007,
      "n_gt": 282,
      "n_pred": 5,
      "ap50": 0.005
    },
    "19": {
      "precision": 0.0,
      "recall": 0.0,
      "f1": 0.0,
      "n_gt": 308,
      "n_pred": 0,
      "ap50": 0.0
    }
  },
  "confusion_matrix": {
    "matrix": [
      [
        75,
        0,
        0,
        0,
        0,
        0,
        0,
        0,
        0,
        0,
        0,
        0,
        0,
        0,
        0,
        0,
        0,
        0,
        0,
        0,
        25439
      ],
      [
        0,
        0,
        0,
        0,
        0,
        0,
        0,
        0,
        0,
        0,
        0,
        0,
        0,
        0,
        0,
        0,
        0,
        0,
        0,
        0,
        0
      ],
      [
        0,
        0,
        0,
        0,
        0,
        0,
        0,
        0,
        0,
        0,
        0,
        0,
        0,
        0,
        0,
        0,
        0,
        0,
        0,
        0,
        994
      ],
      [
        0,
        0,
        0,
        0,
        0,
        0,
        0,
        0,
        0,
        0,
        0,
        0,
        0,
        0,
        0,
        0,
        0,
        0,
        0,
        0,
        1309
      ],
      [
        0,
        0,
        0,
        0,
        0,
        0,
        0,
        0,
        0,
        0,
        0,
        0,
        0,
        0,
        0,
        0,
        0,
        0,
        0,
        0,
        0
      ],
      [
        0,
        0,
        0,
        0,
        0,
        0,
        0,
        0,
        0,
        0,
        0,
        0,
        0,
        0,
        0,
        0,
        0,
        0,
        0,
        0,
        0
      ],
      [
        0,
        0,
        0,
        0,
        0,
        0,
        215,
        0,
        0,
        0,
        0,
        0,
        0,
        0,
        0,
        0,
        0,
        0,
        0,
        0,
        17019
      ],
      [
        0,
        0,
        0,
        0,
        0,
        0,
        0,
        0,
        0,
        0,
        0,
        0,
        0,
        0,
        0,
        0,
        0,
        0,
        0,
        0,
        32
      ],
      [
        0,
        0,
        0,
        0,
        0,
        0,
        0,
        0,
        15,
        0,
        0,
        0,
        0,
        0,
        0,
        0,
        0,
        0,
        0,
        0,
        42804
      ],
      [
        0,
        0,
        0,
        0,
        0,
        0,
        0,
        0,
        0,
        0,
        0,
        0,
        0,
        0,
        0,
        0,
        0,
        0,
        0,
        0,
        0
      ],
      [
        0,
        0,
        0,
        0,
        0,
        0,
        0,
        0,
        0,
        0,
        0,
        0,
        0,
        0,
        0,
        0,
        0,
        0,
        0,
        0,
        129
      ],
      [
        0,
        0,
        0,
        0,
        0,
        0,
        0,
        0,
        0,
        0,
        0,
        0,
        0,
        0,
        0,
        0,
        0,
        0,
        0,
        0,
        0
      ],
      [
        0,
        0,
        0,
        0,
        0,
        0,
        0,
        0,
        0,
        0,
        0,
        0,
        0,
        0,
        0,
        0,
        0,
        0,
        0,
        0,
        0
      ],
      [
        0,
        0,
        0,
        0,
        0,
        0,
        0,
        0,
        0,
        0,
        0,
        0,
        0,
        0,
        0,
        0,
        0,
        0,
        0,
        0,
        0
      ],
      [
        0,
        0,
        0,
        0,
        0,
        0,
        0,
        0,
        0,
        0,
        0,
        0,
        0,
        0,
        2313,
        0,
        0,
        0,
        0,
        0,
        554179
      ],
      [
        0,
        0,
        0,
        0,
        0,
        0,
        0,
        0,
        0,
        0,
        0,
        0,
        0,
        0,
        0,
        0,
        0,
        0,
        0,
        0,
        0
      ],
      [
        0,
        0,
        0,
        0,
        0,
        0,
        0,
        0,
        0,
        0,
        0,
        0,
        0,
        0,
        0,
        0,
        0,
        0,
        0,
        0,
        0
      ],
      [
        0,
        0,
        0,
        0,
        0,
        0,
        0,
        0,
        0,
        0,
        0,
        0,
        0,
        0,
        0,
        0,
        0,
        0,
        0,
        0,
        0
      ],
      [
        0,
        0,
        0,
